ID,Name
250038,Mamadou Sissako
361082,Jasper Schendelaar
215094,Nick Olij
387241,Raman ten Hove
153751,Nick Hengelman
312716,Olivier Rommens
312473,Jan Bekkema
480022,Dylan Ryan
460059,Luc Tinnemans
410229,Job van de Walle
432672,Bo Breukers
355685,Orhan Daepar
226739,Anthony Caceres
114365,Luke Brattan
168416,David Ivan
393797,Alessandro Confente
333227,Silvio Anocic
338101,Mouhamadou Sarr
458096,Matteo Salvi
347353,Leonardo Marson
291408,Simone Giuliano
248483,Christopher Oikonomidis
396094,Riccardo Daga
395527,Emmanuele Matino
398576,Giuseppe Carriero
159847,Francesco Galuppini
323255,Giacomo Satalino
355051,Luigi D'Ignazio
351898,Leandrinho
354381,Maurice Gomis
334490,Fabian Senninger
196427,Leo Weinkauf
284346,Phillip Menzel
335479,Maurice Covic
243805,Maximilian Pronichev
379960,Noel Knothe
482163,Deji Beyreuther
283474,Leon Batge
336307,Christian Frachtl
236986,Thore Jacobsen
274989,Constantin Frommann